{
  "$schema": "https://developer.microsoft.com/json-schemas/spfx-build/package-solution.schema.json",
  "solution": {
    "name": "qr-code-generator-client-side-solution",
    "id": "1dea3edd-0091-446e-b2e6-5caf79fc31ea",
    "version": "1.0.0.0",
    "includeClientSideAssets": true,
    "skipFeatureDeployment": true,
    "isDomainIsolated": false,
    "developer": {
      "name": "",
      "websiteUrl": "",
      "privacyUrl": "",
      "termsOfUseUrl": "",
      "mpnId": "Undefined-1.15.0"
    },
    "metadata": {
      "shortDescription": {
        "default": "qr-code-generator description"
      },
      "longDescription": {
        "default": "qr-code-generator description"
      },
      "screenshotPaths": [],
      "videoUrl": "",
      "categories": []
    },
    "features": [
      {
        "title": "qr-code-generator Feature",
        "description": "The feature that activates elements of the qr-code-generator solution.",
        "id": "75ee02f3-9a28-4d95-ae12-98c8bf6cf345",
        "version": "1.0.0.0"
      }
    ]
  },
  "paths": {
    "zippedPackage": "solution/qr-code-generator.sppkg"
  }
}
